CONTRACT_ACCOUNT,201701,201702,201703,201704,201705,201706,201707,201708,201709,201710,201711,201712,201801,201802,201803,201804,201805,201806,201807,201808,201809,201810,201811,201812,201901,Grand Total
0,640.0,811.0,346.0,541.0,1228.0,1265.0,1079.0,1107.0,2043.0,966.0,823.0,432.0,726.0,802.0,433.0,599.0,1009.0,1147.0,1708.0,0.0,1227.0,736.0,541.0,444.0,845.0,21498
1,256.0,272.0,205.0,322.0,443.0,820.0,762.0,473.0,901.0,358.0,237.0,239.0,217.0,276.0,223.0,257.0,377.0,686.0,1268.0,613.0,428.0,242.0,195.0,159.0,251.0,10480
2,510.0,727.0,538.0,931.0,1506.0,1463.0,1685.0,1386.0,2580.0,1214.0,566.0,318.0,345.0,246.0,356.0,637.0,1033.0,1312.0,2000.0,835.0,1022.0,767.0,371.0,287.0,439.0,23074
3,307.0,339.0,373.0,624.0,1297.0,1075.0,33.0,89.0,752.0,330.0,287.0,241.0,291.0,269.0,263.0,310.0,458.0,922.0,1321.0,547.0,498.0,344.0,221.0,228.0,441.0,11860
4,403.0,393.0,267.0,317.0,721.0,683.0,510.0,75.0,897.0,495.0,247.0,364.0,663.0,554.0,360.0,285.0,578.0,1027.0,1253.0,539.0,517.0,273.0,230.0,275.0,437.0,12363
5,242.0,251.0,347.0,413.0,488.0,551.0,800.0,502.0,1015.0,487.0,329.0,291.0,234.0,218.0,292.0,403.0,427.0,767.0,894.0,445.0,420.0,303.0,212.0,194.0,172.0,10697
6,171.0,188.0,183.0,341.0,648.0,767.0,634.0,537.0,700.0,314.0,210.0,164.0,251.0,249.0,200.0,229.0,350.0,851.0,837.0,322.0,241.0,161.0,135.0,0.0,,8683
7,458.0,509.0,307.0,280.0,536.0,480.0,484.0,424.0,651.0,277.0,248.0,296.0,551.0,560.0,344.0,228.0,380.0,720.0,812.0,312.0,373.0,248.0,197.0,279.0,595.0,10549
8,0.0,0.0,0.0,0.0,0.0,245.0,391.0,777.0,1420.0,624.0,403.0,215.0,217.0,156.0,260.0,419.0,897.0,1379.0,1851.0,813.0,838.0,651.0,280.0,224.0,167.0,12227
9,30.0,40.0,63.0,106.0,114.0,261.0,254.0,141.0,326.0,143.0,87.0,51.0,46.0,41.0,74.0,108.0,192.0,439.0,506.0,166.0,202.0,89.0,68.0,69.0,33.0,3649
10,272.0,380.0,195.0,336.0,941.0,724.0,937.0,517.0,1228.0,511.0,342.0,249.0,323.0,231.0,271.0,345.0,467.0,880.0,1378.0,568.0,608.0,390.0,306.0,250.0,275.0,12924
11,629.0,601.0,585.0,672.0,1274.0,1197.0,1550.0,1477.0,2806.0,1296.0,769.0,480.0,693.0,636.0,674.0,619.0,936.0,1868.0,3093.0,1266.0,1525.0,1097.0,640.0,544.0,608.0,27535
12,199.0,191.0,188.0,174.0,290.0,261.0,360.0,259.0,444.0,200.0,156.0,158.0,197.0,129.0,166.0,141.0,241.0,393.0,620.0,216.0,184.0,93.0,106.0,119.0,176.0,5661
13,122.0,104.0,123.0,179.0,509.0,200.0,231.0,328.0,410.0,188.0,205.0,111.0,154.0,151.0,192.0,292.0,275.0,390.0,540.0,218.0,219.0,178.0,117.0,116.0,87.0,5639
14,355.0,467.0,660.0,824.0,1784.0,1294.0,1418.0,1189.0,2132.0,995.0,620.0,551.0,429.0,770.0,403.0,383.0,858.0,1130.0,1550.0,614.0,655.0,529.0,404.0,438.0,961.0,21413
15,348.0,354.0,375.0,423.0,820.0,175.0,480.0,634.0,960.0,332.0,371.0,278.0,324.0,338.0,258.0,248.0,442.0,678.0,1197.0,555.0,644.0,338.0,60.0,243.0,301.0,11176
16,138.0,139.0,147.0,163.0,379.0,234.0,317.0,226.0,385.0,181.0,117.0,112.0,140.0,133.0,150.0,103.0,169.0,318.0,658.0,225.0,372.0,199.0,144.0,144.0,160.0,5453
17,246.0,284.0,161.0,98.0,544.0,748.0,1090.0,445.0,0.0,0.0,1.0,123.0,355.0,305.0,175.0,128.0,397.0,872.0,2072.0,694.0,413.0,420.0,148.0,148.0,316.0,10183
18,167.0,282.0,223.0,258.0,648.0,332.0,618.0,652.0,1048.0,661.0,226.0,208.0,219.0,210.0,210.0,410.0,721.0,1499.0,1493.0,669.0,730.0,560.0,258.0,191.0,312.0,12805
19,328.0,338.0,267.0,365.0,764.0,969.0,1227.0,625.0,880.0,354.0,247.0,164.0,693.0,469.0,199.0,275.0,530.0,1125.0,1568.0,570.0,510.0,384.0,199.0,309.0,424.0,13783
20,508.0,489.0,397.0,307.0,517.0,449.0,553.0,451.0,824.0,379.0,330.0,304.0,414.0,391.0,400.0,336.0,745.0,955.0,1112.0,465.0,466.0,393.0,316.0,332.0,334.0,12167
21,207.0,93.0,235.0,479.0,969.0,718.0,928.0,476.0,816.0,342.0,181.0,155.0,195.0,169.0,199.0,312.0,651.0,1118.0,867.0,327.0,798.0,450.0,182.0,157.0,106.0,11130
22,641.0,520.0,299.0,281.0,510.0,452.0,438.0,411.0,1424.0,389.0,262.0,335.0,624.0,544.0,369.0,223.0,409.0,775.0,917.0,310.0,419.0,275.0,214.0,608.0,707.0,12356
23,202.0,213.0,211.0,281.0,487.0,436.0,510.0,417.0,731.0,319.0,200.0,178.0,202.0,200.0,90.0,314.0,371.0,497.0,816.0,340.0,397.0,311.0,221.0,192.0,282.0,8418
24,475.0,456.0,296.0,230.0,439.0,783.0,828.0,578.0,917.0,400.0,259.0,60.0,249.0,631.0,281.0,211.0,308.0,593.0,865.0,235.0,538.0,349.0,263.0,110.0,385.0,10739
25,310.0,266.0,363.0,879.0,1140.0,1195.0,1312.0,881.0,1906.0,960.0,291.0,287.0,330.0,308.0,353.0,595.0,960.0,1400.0,2311.0,971.0,1059.0,867.0,330.0,261.0,236.0,19771
26,275.0,703.0,277.0,486.0,927.0,783.0,938.0,869.0,1582.0,704.0,296.0,176.0,202.0,197.0,260.0,355.0,582.0,1069.0,1719.0,640.0,706.0,520.0,273.0,296.0,723.0,15558
27,258.0,450.0,298.0,218.0,320.0,786.0,764.0,646.0,1287.0,545.0,294.0,190.0,517.0,476.0,325.0,198.0,299.0,554.0,2071.0,915.0,1078.0,505.0,220.0,216.0,506.0,13936
28,369.0,297.0,262.0,304.0,701.0,982.0,626.0,125.0,580.0,131.0,52.0,36.0,37.0,39.0,37.0,98.0,271.0,522.0,543.0,54.0,59.0,44.0,38.0,47.0,85.0,6339
29,60.0,51.0,70.0,64.0,103.0,109.0,148.0,207.0,254.0,165.0,105.0,98.0,107.0,109.0,120.0,123.0,154.0,215.0,438.0,201.0,222.0,108.0,136.0,111.0,119.0,3597
30,34.0,27.0,31.0,32.0,37.0,220.0,131.0,844.0,56.0,26.0,175.0,138.0,44.0,37.0,48.0,49.0,31.0,42.0,1111.0,1068.0,824.0,24.0,23.0,20.0,17.0,5089
31,285.0,218.0,264.0,275.0,507.0,779.0,637.0,605.0,856.0,341.0,300.0,211.0,206.0,223.0,244.0,238.0,356.0,649.0,1400.0,591.0,642.0,392.0,230.0,209.0,220.0,10878
32,196.0,164.0,172.0,251.0,544.0,788.0,707.0,757.0,1236.0,564.0,239.0,180.0,201.0,233.0,192.0,319.0,584.0,902.0,2125.0,1078.0,1145.0,700.0,328.0,178.0,193.0,13976
33,198.0,183.0,172.0,241.0,491.0,731.0,628.0,640.0,1065.0,392.0,243.0,165.0,177.0,118.0,174.0,229.0,512.0,675.0,1236.0,530.0,541.0,396.0,226.0,177.0,201.0,10341
34,259.0,162.0,181.0,163.0,164.0,406.0,443.0,440.0,644.0,295.0,166.0,147.0,183.0,182.0,181.0,148.0,170.0,375.0,880.0,359.0,397.0,212.0,185.0,187.0,202.0,7131
35,349.0,959.0,714.0,325.0,470.0,789.0,655.0,645.0,926.0,390.0,290.0,288.0,1110.0,1296.0,915.0,263.0,427.0,883.0,1735.0,633.0,537.0,387.0,252.0,322.0,1299.0,16859
36,242.0,189.0,238.0,247.0,518.0,718.0,604.0,645.0,1028.0,486.0,338.0,209.0,213.0,225.0,203.0,318.0,379.0,646.0,1449.0,661.0,825.0,472.0,264.0,210.0,228.0,11555
37,124.0,89.0,126.0,165.0,268.0,403.0,35.0,44.0,75.0,38.0,67.0,156.0,143.0,136.0,107.0,115.0,224.0,348.0,504.0,206.0,205.0,166.0,197.0,103.0,116.0,4160
38,191.0,102.0,167.0,243.0,259.0,352.0,594.0,547.0,1230.0,539.0,348.0,166.0,198.0,150.0,160.0,256.0,407.0,597.0,703.0,414.0,543.0,365.0,242.0,181.0,184.0,9138
39,179.0,147.0,172.0,192.0,315.0,395.0,343.0,380.0,613.0,283.0,229.0,161.0,162.0,165.0,174.0,194.0,273.0,454.0,813.0,328.0,320.0,209.0,116.0,170.0,146.0,6933
40,85.0,58.0,84.0,104.0,228.0,356.0,222.0,353.0,629.0,289.0,175.0,94.0,85.0,102.0,114.0,152.0,217.0,348.0,745.0,339.0,354.0,220.0,131.0,102.0,131.0,5717
41,165.0,64.0,93.0,262.0,762.0,901.0,861.0,1039.0,1766.0,762.0,317.0,76.0,83.0,156.0,155.0,201.0,562.0,1004.0,2151.0,988.0,1159.0,855.0,329.0,159.0,163.0,15033
42,105.0,86.0,72.0,147.0,451.0,661.0,652.0,597.0,925.0,333.0,135.0,71.0,60.0,60.0,71.0,130.0,323.0,647.0,1260.0,531.0,533.0,147.0,69.0,66.0,89.0,8221
43,133.0,109.0,144.0,167.0,243.0,291.0,259.0,326.0,479.0,213.0,237.0,134.0,138.0,140.0,162.0,189.0,318.0,359.0,696.0,293.0,311.0,228.0,176.0,166.0,169.0,6080
44,202.0,185.0,218.0,287.0,518.0,556.0,168.0,228.0,427.0,217.0,158.0,93.0,62.0,73.0,144.0,122.0,58.0,6.0,1037.0,437.0,60.0,6.0,6.0,0.0,0.0,5268
45,630.0,688.0,564.0,715.0,979.0,972.0,1041.0,1321.0,2639.0,1053.0,228.0,167.0,152.0,169.0,134.0,137.0,244.0,377.0,656.0,293.0,385.0,251.0,179.0,145.0,103.0,14222
46,321.0,226.0,270.0,283.0,561.0,874.0,803.0,951.0,1522.0,668.0,378.0,174.0,204.0,218.0,225.0,320.0,640.0,1157.0,2350.0,1091.0,1111.0,809.0,327.0,200.0,201.0,15884
47,203.0,147.0,194.0,266.0,747.0,1193.0,733.0,757.0,1280.0,580.0,302.0,185.0,189.0,235.0,220.0,300.0,620.0,1043.0,1620.0,699.0,651.0,270.0,211.0,180.0,210.0,13035
48,277.0,242.0,369.0,396.0,739.0,1192.0,924.0,1304.0,1812.0,824.0,626.0,338.0,305.0,423.0,374.0,475.0,666.0,1558.0,2853.0,1187.0,1468.0,1010.0,603.0,370.0,426.0,20761
49,57.0,44.0,60.0,89.0,144.0,180.0,157.0,156.0,294.0,123.0,101.0,81.0,129.0,170.0,116.0,120.0,130.0,207.0,320.0,123.0,157.0,109.0,71.0,62.0,109.0,3309
50,95.0,112.0,139.0,167.0,336.0,488.0,351.0,422.0,641.0,265.0,190.0,125.0,134.0,140.0,155.0,256.0,355.0,595.0,898.0,397.0,461.0,327.0,178.0,174.0,417.0,7818
51,194.0,119.0,161.0,145.0,112.0,175.0,141.0,170.0,535.0,396.0,266.0,166.0,200.0,128.0,153.0,104.0,173.0,309.0,463.0,218.0,237.0,82.0,192.0,134.0,67.0,5040
52,153.0,199.0,163.0,334.0,554.0,964.0,408.0,926.0,1295.0,591.0,175.0,126.0,212.0,121.0,221.0,455.0,622.0,1071.0,1931.0,759.0,822.0,523.0,417.0,102.0,81.0,13225
53,266.0,248.0,224.0,305.0,734.0,1007.0,758.0,805.0,1239.0,524.0,358.0,225.0,272.0,276.0,249.0,329.0,612.0,1223.0,2075.0,793.0,749.0,493.0,263.0,308.0,247.0,14582
54,205.0,188.0,206.0,290.0,548.0,690.0,830.0,788.0,1696.0,396.0,424.0,205.0,227.0,181.0,185.0,210.0,350.0,444.0,1668.0,939.0,461.0,507.0,324.0,180.0,117.0,12259
55,372.0,475.0,345.0,228.0,269.0,82.0,68.0,83.0,143.0,69.0,67.0,50.0,41.0,37.0,70.0,62.0,59.0,81.0,8.0,0.0,105.0,126.0,83.0,0.0,0.0,2923
56,244.0,256.0,297.0,375.0,460.0,576.0,480.0,528.0,815.0,377.0,312.0,195.0,242.0,352.0,271.0,350.0,373.0,749.0,1284.0,475.0,608.0,379.0,226.0,175.0,252.0,10651
57,580.0,609.0,541.0,499.0,567.0,890.0,992.0,1142.0,2200.0,894.0,587.0,352.0,605.0,593.0,496.0,378.0,440.0,755.0,1920.0,783.0,903.0,575.0,378.0,329.0,579.0,18587
58,241.0,260.0,296.0,360.0,648.0,597.0,530.0,668.0,929.0,410.0,315.0,279.0,228.0,249.0,292.0,315.0,463.0,633.0,1334.0,478.0,480.0,273.0,197.0,290.0,345.0,11110
59,464.0,452.0,323.0,364.0,568.0,858.0,868.0,1046.0,1773.0,736.0,570.0,263.0,190.0,318.0,300.0,297.0,311.0,542.0,1837.0,721.0,1123.0,567.0,351.0,250.0,154.0,15246
60,78.0,75.0,104.0,219.0,547.0,1008.0,649.0,561.0,998.0,647.0,191.0,88.0,86.0,94.0,121.0,162.0,517.0,1157.0,1962.0,942.0,989.0,486.0,271.0,171.0,111.0,12234
61,245.0,199.0,236.0,254.0,372.0,592.0,581.0,638.0,891.0,347.0,257.0,226.0,204.0,226.0,236.0,248.0,263.0,505.0,1076.0,472.0,538.0,323.0,215.0,242.0,284.0,9670
62,353.0,247.0,303.0,423.0,856.0,1128.0,1054.0,1097.0,2018.0,900.0,606.0,331.0,382.0,359.0,317.0,287.0,537.0,1012.0,1869.0,771.0,829.0,546.0,369.0,280.0,273.0,17147
63,198.0,143.0,171.0,242.0,538.0,770.0,733.0,947.0,915.0,57.0,33.0,111.0,161.0,155.0,113.0,59.0,104.0,371.0,586.0,129.0,133.0,55.0,90.0,87.0,102.0,7003
64,216.0,212.0,214.0,271.0,458.0,737.0,683.0,609.0,967.0,387.0,338.0,238.0,218.0,219.0,250.0,298.0,380.0,679.0,1216.0,525.0,502.0,358.0,289.0,234.0,225.0,10723
65,221.0,104.0,185.0,238.0,436.0,487.0,265.0,261.0,431.0,156.0,106.0,153.0,179.0,300.0,254.0,309.0,425.0,1175.0,1297.0,373.0,1.0,24.0,41.0,89.0,148.0,7658
66,232.0,194.0,216.0,357.0,927.0,1106.0,804.0,927.0,1590.0,737.0,301.0,225.0,217.0,200.0,242.0,371.0,703.0,1246.0,1937.0,892.0,1035.0,706.0,412.0,217.0,220.0,16014
67,347.0,284.0,269.0,207.0,186.0,382.0,529.0,662.0,1071.0,495.0,298.0,195.0,354.0,317.0,266.0,207.0,266.0,887.0,593.0,30.0,34.0,25.0,40.0,41.0,44.0,8029
68,371.0,283.0,337.0,439.0,661.0,847.0,724.0,792.0,1443.0,674.0,560.0,307.0,340.0,340.0,360.0,519.0,621.0,876.0,1546.0,642.0,800.0,568.0,429.0,340.0,368.0,15187
69,247.0,190.0,213.0,199.0,228.0,280.0,437.0,631.0,1088.0,458.0,361.0,260.0,225.0,218.0,252.0,377.0,445.0,545.0,1100.0,536.0,611.0,429.0,338.0,355.0,285.0,10308
70,138.0,113.0,129.0,233.0,502.0,773.0,548.0,645.0,998.0,416.0,340.0,127.0,114.0,118.0,166.0,304.0,451.0,712.0,1342.0,547.0,646.0,360.0,206.0,251.0,204.0,10383
71,158.0,122.0,176.0,231.0,509.0,953.0,829.0,842.0,1196.0,466.0,193.0,86.0,89.0,76.0,98.0,164.0,311.0,1011.0,1934.0,776.0,748.0,249.0,129.0,100.0,85.0,11531
72,64.0,41.0,83.0,62.0,131.0,164.0,101.0,171.0,451.0,265.0,140.0,42.0,24.0,19.0,42.0,35.0,110.0,135.0,128.0,75.0,148.0,145.0,94.0,26.0,18.0,2714
73,158.0,109.0,149.0,203.0,438.0,588.0,519.0,585.0,1013.0,425.0,315.0,170.0,150.0,132.0,167.0,245.0,322.0,521.0,984.0,434.0,445.0,288.0,192.0,149.0,162.0,8863
74,502.0,381.0,459.0,466.0,950.0,1517.0,1309.0,1282.0,2064.0,953.0,526.0,343.0,493.0,411.0,429.0,473.0,516.0,1540.0,2600.0,950.0,1082.0,660.0,425.0,401.0,485.0,21217
75,173.0,128.0,126.0,282.0,576.0,759.0,614.0,605.0,900.0,320.0,161.0,79.0,77.0,72.0,19.0,138.0,215.0,352.0,821.0,443.0,465.0,196.0,98.0,82.0,65.0,7766
76,407.0,292.0,324.0,390.0,1120.0,1152.0,1174.0,1237.0,1669.0,982.0,400.0,312.0,400.0,301.0,345.0,357.0,813.0,920.0,2530.0,986.0,1077.0,671.0,320.0,216.0,335.0,18730
77,390.0,296.0,368.0,370.0,423.0,704.0,692.0,867.0,1298.0,584.0,396.0,303.0,363.0,355.0,374.0,429.0,504.0,988.0,1700.0,733.0,816.0,480.0,401.0,384.0,432.0,14650
78,343.0,257.0,174.0,257.0,514.0,806.0,681.0,728.0,1164.0,482.0,266.0,208.0,240.0,426.0,253.0,275.0,476.0,1018.0,1926.0,735.0,819.0,450.0,286.0,246.0,234.0,13264
79,132.0,224.0,231.0,156.0,277.0,424.0,388.0,264.0,292.0,141.0,118.0,90.0,204.0,259.0,195.0,187.0,340.0,416.0,852.0,344.0,362.0,204.0,158.0,141.0,267.0,6666
80,355.0,334.0,268.0,243.0,430.0,662.0,307.0,550.0,880.0,349.0,252.0,5.0,284.0,303.0,348.0,390.0,598.0,826.0,1168.0,549.0,793.0,629.0,394.0,389.0,353.0,11659
81,354.0,353.0,349.0,267.0,435.0,474.0,332.0,596.0,827.0,366.0,213.0,236.0,298.0,340.0,250.0,250.0,282.0,740.0,1466.0,512.0,534.0,195.0,219.0,281.0,228.0,10397
82,78.0,26.0,35.0,99.0,139.0,71.0,60.0,130.0,179.0,55.0,122.0,120.0,80.0,94.0,147.0,105.0,111.0,44.0,99.0,98.0,445.0,342.0,255.0,309.0,315.0,3558
83,222.0,296.0,120.0,0.0,1.0,0.0,2.0,201.0,590.0,246.0,153.0,120.0,473.0,296.0,146.0,126.0,316.0,488.0,840.0,335.0,428.0,266.0,113.0,124.0,716.0,6618
84,200.0,149.0,188.0,193.0,498.0,991.0,657.0,840.0,1086.0,426.0,259.0,137.0,172.0,171.0,191.0,176.0,545.0,928.0,1917.0,701.0,704.0,370.0,187.0,179.0,159.0,12024
85,265.0,246.0,266.0,265.0,417.0,643.0,555.0,648.0,902.0,360.0,267.0,224.0,261.0,345.0,273.0,355.0,621.0,669.0,1251.0,545.0,566.0,333.0,198.0,243.0,297.0,11015
86,223.0,172.0,224.0,308.0,526.0,556.0,345.0,625.0,1187.0,560.0,402.0,134.0,188.0,283.0,253.0,389.0,485.0,947.0,1203.0,610.0,599.0,375.0,228.0,236.0,282.0,11340
87,197.0,238.0,172.0,249.0,561.0,564.0,498.0,598.0,1116.0,454.0,365.0,194.0,238.0,167.0,218.0,205.0,449.0,770.0,1639.0,815.0,841.0,549.0,352.0,218.0,186.0,11853
88,72.0,73.0,125.0,143.0,200.0,457.0,318.0,463.0,556.0,251.0,178.0,131.0,137.0,130.0,152.0,135.0,148.0,537.0,839.0,354.0,458.0,306.0,151.0,170.0,161.0,6645
89,285.0,238.0,278.0,270.0,375.0,408.0,431.0,573.0,901.0,416.0,380.0,187.0,207.0,217.0,276.0,317.0,373.0,490.0,815.0,378.0,476.0,347.0,298.0,293.0,279.0,9508
90,307.0,271.0,352.0,414.0,598.0,605.0,586.0,628.0,1375.0,608.0,364.0,290.0,230.0,286.0,331.0,171.0,7.0,521.0,960.0,385.0,345.0,204.0,131.0,275.0,617.0,10861
91,184.0,135.0,68.0,15.0,23.0,19.0,312.0,430.0,205.0,66.0,21.0,44.0,294.0,105.0,62.0,97.0,102.0,281.0,787.0,130.0,280.0,188.0,154.0,139.0,172.0,4313
92,137.0,90.0,115.0,135.0,223.0,201.0,253.0,246.0,410.0,193.0,156.0,118.0,115.0,91.0,123.0,124.0,154.0,234.0,376.0,161.0,188.0,139.0,172.0,112.0,91.0,4357
93,204.0,157.0,158.0,271.0,241.0,560.0,713.0,389.0,754.0,277.0,160.0,121.0,198.0,227.0,166.0,202.0,220.0,637.0,881.0,467.0,416.0,250.0,161.0,121.0,284.0,8235
94,282.0,204.0,271.0,249.0,319.0,346.0,313.0,312.0,4.0,1.0,3.0,3.0,0.0,1.0,26.0,77.0,83.0,0.0,0.0,0.0,0.0,0.0,2.0,0.0,0.0,2496
95,217.0,159.0,194.0,498.0,1066.0,1642.0,1375.0,1691.0,2609.0,1156.0,660.0,198.0,181.0,188.0,199.0,481.0,980.0,1795.0,3026.0,1439.0,1556.0,1273.0,606.0,158.0,147.0,23494
96,48.0,69.0,942.0,183.0,251.0,675.0,721.0,632.0,640.0,369.0,189.0,779.0,1122.0,914.0,382.0,198.0,152.0,83.0,867.0,214.0,67.0,57.0,88.0,109.0,1162.0,10913
97,229.0,273.0,195.0,165.0,359.0,184.0,366.0,317.0,393.0,172.0,130.0,38.0,30.0,31.0,49.0,198.0,388.0,356.0,682.0,388.0,384.0,197.0,100.0,181.0,301.0,6106
98,552.0,328.0,178.0,170.0,333.0,337.0,332.0,281.0,352.0,109.0,57.0,220.0,462.0,300.0,175.0,146.0,243.0,541.0,524.0,171.0,47.0,48.0,61.0,144.0,334.0,6445
99,315.0,405.0,247.0,691.0,1372.0,967.0,1379.0,1171.0,2015.0,923.0,543.0,260.0,368.0,352.0,309.0,436.0,927.0,1390.0,2332.0,1020.0,1106.0,728.0,368.0,305.0,476.0,20405
100,445.0,407.0,401.0,732.0,1018.0,943.0,895.0,707.0,1337.0,639.0,446.0,247.0,284.0,196.0,272.0,473.0,671.0,1477.0,1585.0,731.0,698.0,457.0,330.0,279.0,212.0,15882
101,315.0,475.0,310.0,482.0,755.0,629.0,702.0,652.0,1037.0,435.0,285.0,319.0,528.0,474.0,379.0,326.0,342.0,847.0,1221.0,519.0,533.0,354.0,270.0,308.0,450.0,12947
102,271.0,201.0,181.0,219.0,327.0,424.0,232.0,433.0,718.0,293.0,176.0,215.0,324.0,289.0,160.0,164.0,246.0,348.0,784.0,339.0,244.0,181.0,126.0,130.0,318.0,7343
103,308.0,332.0,211.0,170.0,308.0,113.0,153.0,366.0,549.0,239.0,180.0,219.0,363.0,348.0,209.0,163.0,223.0,400.0,566.0,223.0,48.0,176.0,156.0,205.0,434.0,6662
104,293.0,232.0,309.0,560.0,754.0,1702.0,1506.0,1354.0,2354.0,902.0,500.0,280.0,279.0,252.0,320.0,504.0,661.0,1854.0,3297.0,1113.0,1204.0,933.0,387.0,336.0,320.0,22206
105,34.0,29.0,166.0,151.0,40.0,287.0,480.0,456.0,496.0,450.0,72.0,52.0,,75.0,102.0,334.0,,69.0,252.0,141.0,199.0,137.0,103.0,132.0,154.0,4411
106,219.0,250.0,192.0,285.0,651.0,706.0,659.0,538.0,898.0,841.0,200.0,167.0,250.0,186.0,195.0,227.0,715.0,1026.0,2057.0,886.0,875.0,539.0,242.0,171.0,234.0,13209
107,382.0,355.0,348.0,421.0,959.0,786.0,862.0,880.0,1734.0,637.0,428.0,354.0,397.0,253.0,346.0,354.0,753.0,1129.0,1380.0,594.0,703.0,540.0,318.0,291.0,371.0,15575
108,447.0,333.0,313.0,447.0,899.0,782.0,982.0,817.0,1395.0,454.0,317.0,279.0,224.0,31.0,41.0,331.0,689.0,379.0,125.0,56.0,71.0,62.0,119.0,273.0,735.0,10601
109,237.0,293.0,306.0,306.0,551.0,738.0,758.0,534.0,1013.0,35.0,335.0,231.0,205.0,170.0,253.0,251.0,376.0,638.0,1078.0,363.0,509.0,308.0,252.0,235.0,245.0,10220
110,22.0,23.0,26.0,32.0,37.0,32.0,38.0,35.0,95.0,908.0,33.0,25.0,43.0,4.0,5.0,7.0,5.0,5.0,8.0,4.0,4.0,5.0,5.0,6.0,4.0,1411
111,320.0,273.0,319.0,318.0,1400.0,1146.0,1342.0,1143.0,1995.0,214.0,561.0,291.0,267.0,262.0,338.0,403.0,863.0,1447.0,2366.0,1006.0,1160.0,761.0,409.0,327.0,308.0,19239
112,238.0,130.0,131.0,112.0,195.0,121.0,301.0,186.0,390.0,116.0,164.0,116.0,138.0,138.0,147.0,100.0,87.0,253.0,308.0,44.0,48.0,148.0,125.0,110.0,66.0,3912
113,42.0,34.0,73.0,148.0,241.0,154.0,244.0,182.0,283.0,467.0,107.0,61.0,48.0,45.0,95.0,111.0,118.0,469.0,455.0,106.0,143.0,120.0,66.0,36.0,40.0,3888
114,242.0,229.0,210.0,348.0,789.0,699.0,239.0,111.0,1010.0,315.0,217.0,191.0,31.0,198.0,168.0,262.0,448.0,930.0,334.0,52.0,211.0,311.0,182.0,171.0,69.0,7967
115,288.0,371.0,238.0,252.0,375.0,245.0,266.0,291.0,640.0,432.0,294.0,220.0,318.0,247.0,197.0,220.0,246.0,353.0,731.0,283.0,380.0,355.0,248.0,245.0,333.0,8068
116,156.0,138.0,182.0,193.0,435.0,736.0,627.0,509.0,1031.0,289.0,329.0,194.0,235.0,180.0,194.0,171.0,434.0,712.0,1279.0,471.0,518.0,323.0,227.0,215.0,193.0,9971
117,159.0,127.0,141.0,182.0,385.0,517.0,470.0,428.0,746.0,165.0,186.0,122.0,137.0,137.0,137.0,149.0,305.0,576.0,888.0,331.0,400.0,265.0,136.0,114.0,138.0,7341
118,311.0,52.0,167.0,189.0,520.0,411.0,433.0,327.0,429.0,317.0,139.0,209.0,320.0,268.0,204.0,160.0,268.0,739.0,1160.0,400.0,320.0,321.0,227.0,213.0,322.0,8426
119,426.0,409.0,289.0,252.0,665.0,564.0,545.0,298.0,779.0,714.0,148.0,181.0,618.0,536.0,187.0,173.0,374.0,769.0,1191.0,427.0,388.0,206.0,135.0,148.0,64.0,10486
120,392.0,362.0,417.0,471.0,1002.0,813.0,1082.0,1035.0,1579.0,333.0,506.0,306.0,324.0,316.0,367.0,391.0,654.0,1010.0,1246.0,504.0,564.0,427.0,351.0,453.0,434.0,15339
121,257.0,348.0,255.0,333.0,669.0,604.0,594.0,394.0,728.0,236.0,212.0,221.0,421.0,462.0,262.0,249.0,416.0,813.0,697.0,423.0,451.0,192.0,225.0,161.0,409.0,10032
122,188.0,93.0,183.0,438.0,708.0,511.0,86.0,299.0,559.0,435.0,163.0,154.0,93.0,137.0,193.0,209.0,727.0,1578.0,2174.0,793.0,650.0,401.0,289.0,312.0,431.0,11804
123,59.0,46.0,79.0,118.0,111.0,209.0,393.0,418.0,928.0,503.0,246.0,106.0,150.0,154.0,167.0,387.0,536.0,690.0,1282.0,677.0,582.0,469.0,214.0,123.0,66.0,8713
124,169.0,119.0,227.0,438.0,490.0,762.0,848.0,812.0,1217.0,646.0,348.0,254.0,267.0,232.0,345.0,422.0,546.0,879.0,1577.0,676.0,801.0,575.0,396.0,255.0,162.0,13463
125,299.0,351.0,372.0,324.0,690.0,715.0,868.0,829.0,1492.0,209.0,355.0,298.0,384.0,383.0,330.0,354.0,506.0,1093.0,1804.0,731.0,905.0,604.0,391.0,414.0,466.0,15167
126,174.0,397.0,199.0,247.0,290.0,288.0,289.0,230.0,448.0,869.0,140.0,123.0,223.0,230.0,125.0,152.0,203.0,256.0,370.0,158.0,180.0,144.0,109.0,95.0,396.0,6335
127,259.0,210.0,286.0,342.0,1441.0,1193.0,1376.0,1228.0,1827.0,755.0,413.0,241.0,280.0,244.0,355.0,526.0,882.0,1468.0,2354.0,1054.0,1059.0,689.0,310.0,297.0,299.0,19388
128,925.0,1143.0,785.0,591.0,881.0,881.0,1208.0,1077.0,1731.0,202.0,548.0,732.0,1287.0,1072.0,688.0,584.0,807.0,1100.0,2364.0,1130.0,1192.0,883.0,631.0,592.0,1178.0,24212
129,150.0,148.0,85.0,409.0,577.0,582.0,627.0,607.0,482.0,386.0,300.0,137.0,113.0,134.0,184.0,128.0,607.0,940.0,1734.0,846.0,700.0,300.0,167.0,176.0,132.0,10651
130,405.0,476.0,271.0,249.0,549.0,371.0,507.0,609.0,890.0,474.0,221.0,299.0,428.0,448.0,265.0,243.0,386.0,1031.0,1126.0,535.0,488.0,305.0,180.0,265.0,267.0,11288
131,464.0,408.0,322.0,414.0,1040.0,857.0,722.0,235.0,549.0,670.0,440.0,306.0,444.0,464.0,353.0,306.0,621.0,1243.0,1557.0,1082.0,570.0,340.0,305.0,343.0,426.0,14481
132,482.0,448.0,399.0,448.0,976.0,851.0,887.0,822.0,1485.0,534.0,376.0,317.0,467.0,389.0,323.0,399.0,695.0,1258.0,1932.0,791.0,938.0,673.0,278.0,223.0,543.0,16934
133,249.0,205.0,291.0,457.0,708.0,636.0,914.0,682.0,1182.0,950.0,410.0,246.0,271.0,236.0,295.0,416.0,651.0,837.0,1595.0,556.0,695.0,543.0,337.0,353.0,335.0,14050
134,133.0,282.0,404.0,973.0,1204.0,1145.0,886.0,1262.0,1626.0,557.0,193.0,199.0,123.0,134.0,146.0,136.0,293.0,661.0,655.0,218.0,324.0,200.0,119.0,158.0,163.0,12194
135,129.0,118.0,141.0,308.0,398.0,613.0,614.0,568.0,1268.0,761.0,304.0,147.0,157.0,171.0,177.0,285.0,660.0,970.0,1153.0,727.0,504.0,398.0,195.0,225.0,393.0,11384
136,481.0,483.0,271.0,577.0,795.0,753.0,791.0,775.0,1600.0,452.0,405.0,291.0,473.0,438.0,330.0,268.0,734.0,1170.0,1600.0,619.0,922.0,448.0,296.0,366.0,440.0,15778
137,201.0,162.0,190.0,402.0,794.0,732.0,782.0,660.0,988.0,602.0,293.0,163.0,277.0,224.0,227.0,386.0,613.0,881.0,1140.0,560.0,669.0,487.0,284.0,193.0,371.0,12281
138,496.0,983.0,320.0,816.0,1678.0,1069.0,1070.0,683.0,1645.0,127.0,371.0,619.0,1129.0,799.0,321.0,413.0,1061.0,1181.0,1414.0,747.0,1068.0,756.0,263.0,383.0,1119.0,20531
139,67.0,72.0,79.0,141.0,323.0,154.0,205.0,216.0,328.0,480.0,113.0,75.0,76.0,67.0,83.0,136.0,622.0,838.0,1240.0,437.0,569.0,420.0,163.0,218.0,145.0,7267
140,1122.0,785.0,505.0,445.0,814.0,831.0,881.0,707.0,1153.0,889.0,401.0,606.0,1308.0,951.0,550.0,328.0,467.0,1018.0,1711.0,671.0,703.0,438.0,314.0,408.0,1194.0,19200
141,225.0,172.0,320.0,405.0,483.0,427.0,147.0,33.0,1760.0,449.0,385.0,203.0,329.0,143.0,345.0,423.0,357.0,1031.0,1655.0,794.0,769.0,540.0,204.0,260.0,300.0,12159
142,195.0,182.0,137.0,374.0,811.0,648.0,688.0,526.0,1019.0,250.0,207.0,121.0,146.0,135.0,136.0,226.0,498.0,865.0,1153.0,380.0,398.0,304.0,130.0,179.0,165.0,9873
143,194.0,193.0,190.0,175.0,273.0,333.0,412.0,351.0,558.0,0.0,202.0,195.0,264.0,283.0,235.0,178.0,288.0,646.0,1151.0,507.0,440.0,336.0,228.0,275.0,354.0,8261
144,0.0,0.0,0.0,0.0,0.0,0.0,0.0,1.0,0.0,1688.0,0.0,0.0,0.0,0.0,0.0,1.0,0.0,0.0,0.0,0.0,0.0,19.0,16.0,1.0,55.0,1781
145,519.0,356.0,218.0,246.0,622.0,702.0,965.0,925.0,2416.0,318.0,266.0,-2723.0,668.0,652.0,353.0,400.0,641.0,781.0,2391.0,1022.0,820.0,650.0,376.0,272.0,669.0,14525
146,204.0,172.0,270.0,481.0,631.0,379.0,454.0,349.0,648.0,242.0,283.0,121.0,178.0,127.0,132.0,221.0,345.0,838.0,1178.0,425.0,460.0,146.0,159.0,107.0,174.0,8724
147,201.0,208.0,126.0,399.0,737.0,1181.0,1067.0,731.0,686.0,181.0,179.0,153.0,237.0,188.0,171.0,262.0,426.0,649.0,1228.0,595.0,574.0,388.0,200.0,140.0,318.0,11225
148,2.0,1.0,0.0,1.0,6.0,0.0,88.0,163.0,454.0,639.0,196.0,189.0,187.0,246.0,177.0,182.0,336.0,754.0,1028.0,417.0,458.0,340.0,206.0,226.0,237.0,6533
149,223.0,180.0,206.0,219.0,317.0,369.0,424.0,672.0,1410.0,467.0,348.0,241.0,205.0,178.0,244.0,297.0,533.0,807.0,1399.0,646.0,615.0,450.0,212.0,149.0,149.0,10960
150,380.0,424.0,343.0,429.0,678.0,789.0,667.0,539.0,987.0,1015.0,279.0,324.0,499.0,505.0,357.0,312.0,562.0,573.0,1307.0,608.0,625.0,456.0,255.0,258.0,439.0,13610
151,417.0,410.0,511.0,814.0,1356.0,1235.0,1553.0,1097.0,2227.0,438.0,676.0,417.0,889.0,435.0,440.0,790.0,1278.0,1748.0,3100.0,1234.0,1179.0,958.0,556.0,460.0,652.0,24870
152,243.0,224.0,235.0,277.0,607.0,807.0,642.0,573.0,885.0,0.0,299.0,226.0,278.0,233.0,219.0,232.0,374.0,561.0,973.0,406.0,471.0,324.0,214.0,222.0,297.0,9822
153,0.0,0.0,33.0,239.0,0.0,0.0,328.0,0.0,0.0,417.0,65.0,185.0,0.0,1.0,0.0,0.0,10.0,142.0,374.0,0.0,0.0,0.0,0.0,0.0,0.0,1794
154,362.0,324.0,341.0,307.0,446.0,782.0,528.0,576.0,898.0,280.0,265.0,237.0,364.0,424.0,338.0,280.0,418.0,776.0,1534.0,683.0,739.0,382.0,225.0,326.0,432.0,12267
155,80.0,125.0,146.0,183.0,416.0,470.0,384.0,261.0,612.0,830.0,236.0,68.0,90.0,113.0,152.0,117.0,100.0,335.0,596.0,235.0,403.0,262.0,179.0,162.0,200.0,6755
156,355.0,394.0,282.0,431.0,1003.0,1521.0,987.0,974.0,1948.0,690.0,419.0,186.0,413.0,266.0,229.0,293.0,715.0,1054.0,2220.0,980.0,1022.0,619.0,381.0,179.0,217.0,17778
157,460.0,469.0,526.0,930.0,1468.0,2284.0,1676.0,2115.0,1612.0,376.0,504.0,243.0,376.0,374.0,343.0,637.0,712.0,1222.0,2288.0,1055.0,919.0,633.0,416.0,341.0,430.0,22409
158,233.0,163.0,168.0,339.0,867.0,512.0,598.0,232.0,937.0,302.0,247.0,240.0,251.0,230.0,232.0,310.0,782.0,905.0,1989.0,810.0,844.0,635.0,399.0,314.0,295.0,12834
159,166.0,204.0,181.0,221.0,423.0,706.0,603.0,629.0,906.0,670.0,264.0,184.0,187.0,189.0,196.0,214.0,364.0,642.0,1237.0,552.0,520.0,255.0,173.0,168.0,208.0,10062
160,221.0,156.0,198.0,273.0,678.0,867.0,626.0,837.0,1439.0,521.0,364.0,213.0,391.0,249.0,227.0,308.0,497.0,951.0,2150.0,831.0,774.0,486.0,293.0,216.0,317.0,14083
161,141.0,154.0,129.0,256.0,600.0,779.0,389.0,613.0,1072.0,180.0,313.0,164.0,156.0,194.0,152.0,227.0,525.0,724.0,1055.0,470.0,486.0,348.0,219.0,152.0,200.0,9698
162,178.0,156.0,84.0,156.0,243.0,237.0,213.0,217.0,434.0,730.0,146.0,62.0,162.0,181.0,150.0,139.0,167.0,255.0,435.0,210.0,262.0,165.0,109.0,98.0,134.0,5323
163,250.0,249.0,204.0,515.0,1244.0,835.0,992.0,905.0,1594.0,494.0,270.0,155.0,251.0,156.0,174.0,333.0,412.0,690.0,1514.0,722.0,839.0,566.0,405.0,475.0,448.0,14692
164,324.0,379.0,326.0,389.0,744.0,679.0,696.0,646.0,1086.0,225.0,243.0,311.0,453.0,397.0,345.0,408.0,672.0,867.0,1443.0,588.0,627.0,452.0,278.0,336.0,510.0,13424
165,136.0,125.0,203.0,237.0,,455.0,263.0,259.0,481.0,622.0,160.0,105.0,77.0,97.0,110.0,130.0,306.0,521.0,768.0,244.0,235.0,159.0,127.0,121.0,125.0,6066
166,273.0,290.0,366.0,372.0,708.0,702.0,839.0,694.0,1345.0,471.0,369.0,460.0,392.0,319.0,311.0,286.0,352.0,602.0,1214.0,606.0,729.0,534.0,260.0,247.0,295.0,13036
167,221.0,245.0,172.0,156.0,187.0,473.0,665.0,660.0,1220.0,768.0,210.0,270.0,221.0,206.0,228.0,292.0,425.0,800.0,1869.0,730.0,811.0,507.0,245.0,166.0,177.0,11924
168,148.0,144.0,461.0,556.0,935.0,929.0,886.0,820.0,1586.0,368.0,513.0,483.0,589.0,552.0,458.0,557.0,780.0,1212.0,1882.0,786.0,864.0,733.0,499.0,448.0,492.0,17681
169,71.0,180.0,210.0,320.0,690.0,521.0,424.0,478.0,868.0,297.0,277.0,241.0,153.0,177.0,238.0,220.0,450.0,840.0,854.0,244.0,535.0,278.0,122.0,190.0,149.0,9027
170,328.0,315.0,324.0,272.0,367.0,494.0,658.0,445.0,774.0,369.0,256.0,306.0,388.0,317.0,314.0,261.0,570.0,965.0,1446.0,482.0,528.0,280.0,277.0,322.0,384.0,11442
171,237.0,290.0,209.0,246.0,608.0,337.0,358.0,368.0,763.0,610.0,228.0,197.0,263.0,245.0,244.0,200.0,305.0,647.0,1010.0,426.0,553.0,302.0,202.0,229.0,340.0,9417
172,,,,,,952.0,634.0,704.0,1300.0,,426.0,194.0,226.0,194.0,233.0,422.0,539.0,907.0,1561.0,641.0,794.0,652.0,438.0,205.0,204.0,11226
173,,,,,,,,,,,,,,0.0,0.0,0.0,0.0,0.0,0.0,0.0,0.0,0.0,0.0,0.0,0.0,0
174,,,,,,,,,,,,,,,,,169.0,375.0,783.0,223.0,236.0,394.0,176.0,147.0,29.0,2532
175,,,,,,,,,,,,,,,,,,987.0,1501.0,676.0,846.0,604.0,351.0,287.0,211.0,5463
176,,,,,,,,,,,,,,,,,,,,,,19.0,41.0,51.0,149.0,260
177,,,,,,,,,,,,,,,,,,,,,,377.0,190.0,170.0,220.0,957
178,,,,,,,,,,,,,,,,,,,,,,193.0,177.0,171.0,147.0,688
179,,,,,,,,,,,,,,,,,,,,,,,,,147.0,147
180,45117.0,44541.0,42186.0,54098.0,99394.0,112770.0,108315.0,104541.0,178664.0,79422.0,48827.0,33321.0,49185.0,46131.0,40535.0,46996.0,77308.0,134130.0,225087.0,93916.0,101363.0,67863.0,41658.0,38206.0,52704.0,1966278
